{"cameraMode":{"drawMode":0,"name":"Shaded","section":"Shading Mode"},"sceneLighting":true,"audioPlay":false,"sceneViewState":{"showFog":true,"showMaterialUpdate":false,"showSkybox":true,"showFlares":true,"showImageEffects":true,"showParticleSystems":true},"in2DMode":false,"pivot":{"x":0.0561336949467659,"y":0.11364554613828659,"z":0.006150464061647654},"rotation":{"x":0.04287505894899368,"y":-0.025479622185230256,"z":0.0010173070477321745,"w":0.9987941384315491},"size":0.5341655611991882,"orthographic":true}